id,foreign_user_id,account_name,account_password,permission_role,reset_password_token
1,1,admin_1@gmail.com,123456,admin,
2,1,employer_1@gmail.com,123456,employer,
3,51,expert_51@gmail.com,123456,expert,
4,55,expert_55@gmail.com,123456,expert,
5,20,expert_20@gmail.com,123456,expert,
6,50,expert_50@gmail.com,123456,expert,
7,52,expert_52@gmail.com,123456,expert,
8,1,expert_1@gmail.com,123456,expert,
9,35,expert_35@gmail.com,123456,expert,
10,46,expert_46@gmail.com,123456,expert,
11,47,expert_47@gmail.com,123456,expert,
12,53,expert_53@gmail.com,123456,expert,
13,12,expert_12@gmail.com,123456,expert,
14,17,expert_17@gmail.com,123456,expert,
15,10,expert_10@gmail.com,123456,expert,
16,11,expert_11@gmail.com,123456,expert,
17,26,expert_26@gmail.com,123456,expert,
18,16,expert_16@gmail.com,123456,expert,
19,56,expert_56@gmail.com,123456,expert,
20,23,expert_23@gmail.com,123456,expert,
21,14,expert_14@gmail.com,123456,expert,
22,15,expert_15@gmail.com,123456,expert,
23,83,expert_83@gmail.com,123456,expert,
24,114,expert_114@gmail.com,123456,expert,
25,84,expert_84@gmail.com,123456,expert,
26,97,expert_97@gmail.com,123456,expert,
27,116,expert_116@gmail.com,123456,expert,
